evaluation_id,timestamp,generation,gate_number,metric_name,metric_value,threshold,passed,n_samples,notes
1,2026-09-01 13:48:46,v1-trainability-engine,1,spearman_rho_naive_combined_zero_cost_vs_steps,0.5445181779991968,0.7,0,36,"controlled experiment (§21): 12 tasks x 3 init methods, optimizer/LR/batch fixed"
2,2026-09-01 13:48:46,v1-trainability-engine,1,spearman_rho_synflow_vs_steps,0.27029538398116937,0.7,0,36,"individual proxy, not the combined score used for the official gate verdict"
3,2026-09-01 13:48:46,v1-trainability-engine,1,spearman_rho_snip_vs_steps,0.46726329344031337,0.7,0,36,"individual proxy, not the combined score used for the official gate verdict"
4,2026-09-01 13:48:46,v1-trainability-engine,1,spearman_rho_grasp_vs_steps,-0.3798365157478436,0.7,0,36,"individual proxy, not the combined score used for the official gate verdict"
5,2026-09-01 13:48:46,v1-trainability-engine,1,spearman_rho_jacob_cov_vs_steps,0.5133690105951372,0.7,0,36,"individual proxy, not the combined score used for the official gate verdict"
6,2026-09-01 13:48:46,v1-trainability-engine,1,spearman_rho_effective_rank_vs_steps,0.4829029647714483,0.7,0,36,"individual proxy, not the combined score used for the official gate verdict"
7,2026-09-01 13:48:46,v1-trainability-engine,1,spearman_rho_hessian_trace_vs_steps,0.4113822602760543,0.7,0,36,"individual proxy, not the combined score used for the official gate verdict"
8,2026-09-01 13:48:46,v1-trainability-engine,1,spearman_rho_jacobian_condition_mean_vs_steps,0.43167182223075434,0.7,0,36,"individual proxy, not the combined score used for the official gate verdict"
9,2026-09-01 13:48:46,v1-trainability-engine,1,spearman_rho_gradient_norm_vs_steps,0.606708360069098,0.7,0,36,"individual proxy, not the combined score used for the official gate verdict"
10,2026-09-01 13:48:46,v1-trainability-engine,1,spearman_rho_gradient_norm_variance_vs_steps,0.6700573654073825,0.7,0,36,"individual proxy, not the combined score used for the official gate verdict"
11,2026-09-01 13:48:46,v1-trainability-engine,1,spearman_rho_activation_mean_vs_steps,0.3934848786865797,0.7,0,36,"individual proxy, not the combined score used for the official gate verdict"
12,2026-09-01 13:48:46,v1-trainability-engine,1,spearman_rho_activation_variance_vs_steps,0.3708234458826405,0.7,0,36,"individual proxy, not the combined score used for the official gate verdict"
13,2026-09-01 13:50:25,v1-meta-predictor-full_rf,2,top1_accuracy_init_method_adapted_recall_at_10,0.38333333333333336,0.8,0,60,"universal_baseline=0.38, random_baseline=0.33, mean_confidence=0.59, winner=no"
14,2026-09-01 13:50:25,v1-meta-predictor-reduced_rf,2,top1_accuracy_init_method_adapted_recall_at_10,0.48333333333333334,0.8,0,60,"universal_baseline=0.38, random_baseline=0.33, mean_confidence=0.30, winner=yes"
15,2026-09-01 13:50:25,v1-meta-predictor-log_rf,2,top1_accuracy_init_method_adapted_recall_at_10,0.38333333333333336,0.8,0,60,"universal_baseline=0.38, random_baseline=0.33, mean_confidence=0.56, winner=no"
16,2026-09-01 13:50:25,v1-meta-predictor-knn,2,top1_accuracy_init_method_adapted_recall_at_10,0.38333333333333336,0.8,0,60,"universal_baseline=0.38, random_baseline=0.33, mean_confidence=0.54, winner=no"
17,2026-09-01 14:13:01,v1-search-engine-restricted,3,informed_restricted_near_optimal_rate,0.5,0.8,0,60,"cold=0.58, universal_restricted=0.45, reference=40 trials, restricted=15 trials"
18,2026-09-01 14:24:40,v1-meta-predictor-full_rf,2,top1_accuracy_init_method_adapted_recall_at_10,0.38333333333333336,0.8,0,60,"universal_baseline=0.38, random_baseline=0.33, mean_confidence=0.59, winner=no"
19,2026-09-01 14:24:40,v1-meta-predictor-reduced_rf,2,top1_accuracy_init_method_adapted_recall_at_10,0.48333333333333334,0.8,0,60,"universal_baseline=0.38, random_baseline=0.33, mean_confidence=0.30, winner=yes"
20,2026-09-01 14:24:40,v1-meta-predictor-log_rf,2,top1_accuracy_init_method_adapted_recall_at_10,0.38333333333333336,0.8,0,60,"universal_baseline=0.38, random_baseline=0.33, mean_confidence=0.56, winner=no"
21,2026-09-01 14:24:40,v1-meta-predictor-knn,2,top1_accuracy_init_method_adapted_recall_at_10,0.38333333333333336,0.8,0,60,"universal_baseline=0.38, random_baseline=0.33, mean_confidence=0.54, winner=no"
22,2026-09-01 14:24:40,v1-meta-predictor-zc_gradnormvar,2,top1_accuracy_init_method_adapted_recall_at_10,0.38333333333333336,0.8,0,60,"universal_baseline=0.38, random_baseline=0.33, mean_confidence=nan, winner=no"
23,2026-09-01 14:24:40,v1-meta-predictor-zc_jacobcov,2,top1_accuracy_init_method_adapted_recall_at_10,0.4666666666666667,0.8,0,60,"universal_baseline=0.38, random_baseline=0.33, mean_confidence=nan, winner=no"
24,2026-09-01 14:29:10,v1-lsuv-init,1,lsuv_wins_rate,0.08333333333333333,0.25,0,12,"means={'xavier': 142.41666666666666, 'he': 126.83333333333333, 'orthogonal': 123.16666666666667, 'lsuv': 159.41666666666666}, lsuv_beats_all_analytic_on_average=False"
25,2026-09-01 14:32:11,v1-trainability-engine,1,spearman_rho_naive_combined_zero_cost_vs_steps,0.5505698106229759,0.7,0,36,"controlled experiment (§21): 12 tasks x 3 init methods, optimizer/LR/batch fixed"
26,2026-09-01 14:32:11,v1-trainability-engine,1,spearman_rho_synflow_vs_steps,0.27029538398116937,0.7,0,36,"individual proxy, not the combined score used for the official gate verdict"
27,2026-09-01 14:32:11,v1-trainability-engine,1,spearman_rho_snip_vs_steps,0.46726329344031337,0.7,0,36,"individual proxy, not the combined score used for the official gate verdict"
28,2026-09-01 14:32:11,v1-trainability-engine,1,spearman_rho_grasp_vs_steps,-0.3798365157478436,0.7,0,36,"individual proxy, not the combined score used for the official gate verdict"
29,2026-09-01 14:32:11,v1-trainability-engine,1,spearman_rho_jacob_cov_vs_steps,0.5133690105951372,0.7,0,36,"individual proxy, not the combined score used for the official gate verdict"
30,2026-09-01 14:32:11,v1-trainability-engine,1,spearman_rho_effective_rank_vs_steps,0.4829029647714483,0.7,0,36,"individual proxy, not the combined score used for the official gate verdict"
31,2026-09-01 14:32:11,v1-trainability-engine,1,spearman_rho_hessian_trace_vs_steps,0.4113822602760543,0.7,0,36,"individual proxy, not the combined score used for the official gate verdict"
32,2026-09-01 14:32:11,v1-trainability-engine,1,spearman_rho_jacobian_condition_mean_vs_steps,0.43167182223075434,0.7,0,36,"individual proxy, not the combined score used for the official gate verdict"
33,2026-09-01 14:32:11,v1-trainability-engine,1,spearman_rho_gradient_norm_vs_steps,0.606708360069098,0.7,0,36,"individual proxy, not the combined score used for the official gate verdict"
34,2026-09-01 14:32:11,v1-trainability-engine,1,spearman_rho_gradient_norm_variance_vs_steps,0.6700573654073825,0.7,0,36,"individual proxy, not the combined score used for the official gate verdict"
35,2026-09-01 14:32:11,v1-trainability-engine,1,spearman_rho_activation_mean_vs_steps,0.3934848786865797,0.7,0,36,"individual proxy, not the combined score used for the official gate verdict"
36,2026-09-01 14:32:11,v1-trainability-engine,1,spearman_rho_activation_variance_vs_steps,0.3708234458826405,0.7,0,36,"individual proxy, not the combined score used for the official gate verdict"
37,2026-09-01 14:32:11,v1-trainability-engine,1,spearman_rho_gradient_alignment_vs_steps,0.2306058304082671,0.7,0,36,"individual proxy, not the combined score used for the official gate verdict"
38,2026-09-01 14:37:07,v1-active-learning,0,active_sampling_win_rate,0.0,0.5,0,12,"mean_N_epsilon random=3941 active=14488 reduction_pct=-267.6 top_fraction=0.5 refresh_every=8 (docs.md §16 data-efficiency axis, source.md pillar 6, hard-example-mining heuristic)"
39,2026-09-01 21:59:52,v1-meta-predictor-full_rf,2,top1_accuracy_init_method_adapted_recall_at_10,0.3333333333333333,0.8,0,60,"universal_baseline=0.38, random_baseline=0.33, mean_confidence=0.59, winner=no"
40,2026-09-01 21:59:52,v1-meta-predictor-full_rf,2,mean_regret_steps_to_threshold,40.03333333333333,0.0,1,60,regret = steps(predicted_init) - steps(true_best_init); relative_regret=+22.39%; universal_baseline_regret=+22.2; random_baseline_regret=+43.2
41,2026-09-01 21:59:52,v1-meta-predictor-reduced_rf,2,top1_accuracy_init_method_adapted_recall_at_10,0.4666666666666667,0.8,0,60,"universal_baseline=0.38, random_baseline=0.33, mean_confidence=0.32, winner=yes"
42,2026-09-01 21:59:52,v1-meta-predictor-reduced_rf,2,mean_regret_steps_to_threshold,18.233333333333334,0.0,1,60,regret = steps(predicted_init) - steps(true_best_init); relative_regret=+25.12%; universal_baseline_regret=+22.2; random_baseline_regret=+43.2
43,2026-09-01 21:59:52,v1-meta-predictor-log_rf,2,top1_accuracy_init_method_adapted_recall_at_10,0.35,0.8,0,60,"universal_baseline=0.38, random_baseline=0.33, mean_confidence=0.59, winner=no"
44,2026-09-01 21:59:52,v1-meta-predictor-log_rf,2,mean_regret_steps_to_threshold,37.88333333333333,0.0,1,60,regret = steps(predicted_init) - steps(true_best_init); relative_regret=+23.81%; universal_baseline_regret=+22.2; random_baseline_regret=+43.2
45,2026-09-01 21:59:52,v1-meta-predictor-knn,2,top1_accuracy_init_method_adapted_recall_at_10,0.35,0.8,0,60,"universal_baseline=0.38, random_baseline=0.33, mean_confidence=0.54, winner=no"
46,2026-09-01 21:59:52,v1-meta-predictor-knn,2,mean_regret_steps_to_threshold,43.233333333333334,0.0,1,60,regret = steps(predicted_init) - steps(true_best_init); relative_regret=+30.56%; universal_baseline_regret=+22.2; random_baseline_regret=+43.2
47,2026-09-01 21:59:52,v1-meta-predictor-zc_gradnormvar,2,top1_accuracy_init_method_adapted_recall_at_10,0.38333333333333336,0.8,0,60,"universal_baseline=0.38, random_baseline=0.33, mean_confidence=nan, winner=no"
48,2026-09-01 21:59:52,v1-meta-predictor-zc_gradnormvar,2,mean_regret_steps_to_threshold,41.083333333333336,0.0,1,60,regret = steps(predicted_init) - steps(true_best_init); relative_regret=+22.65%; universal_baseline_regret=+22.2; random_baseline_regret=+43.2
49,2026-09-01 21:59:52,v1-meta-predictor-zc_jacobcov,2,top1_accuracy_init_method_adapted_recall_at_10,0.4666666666666667,0.8,0,60,"universal_baseline=0.38, random_baseline=0.33, mean_confidence=nan, winner=no"
50,2026-09-01 21:59:52,v1-meta-predictor-zc_jacobcov,2,mean_regret_steps_to_threshold,14.566666666666666,0.0,1,60,regret = steps(predicted_init) - steps(true_best_init); relative_regret=+18.31%; universal_baseline_regret=+22.2; random_baseline_regret=+43.2
51,2026-09-01 22:01:29,v1-meta-predictor-full_rf,2,top1_accuracy_init_method_adapted_recall_at_10,0.3333333333333333,0.8,0,60,"universal_baseline=0.38, random_baseline=0.33, mean_confidence=0.59, winner=no"
52,2026-09-01 22:01:29,v1-meta-predictor-full_rf,2,mean_regret_steps_to_threshold,40.03333333333333,0.0,1,60,regret = steps(predicted_init) - steps(true_best_init); relative_regret=+22.39%; universal_baseline_regret=+22.2; random_baseline_regret=+43.2
53,2026-09-01 22:01:29,v1-meta-predictor-reduced_rf,2,top1_accuracy_init_method_adapted_recall_at_10,0.4666666666666667,0.8,0,60,"universal_baseline=0.38, random_baseline=0.33, mean_confidence=0.32, winner=no"
54,2026-09-01 22:01:29,v1-meta-predictor-reduced_rf,2,mean_regret_steps_to_threshold,18.233333333333334,0.0,1,60,regret = steps(predicted_init) - steps(true_best_init); relative_regret=+25.12%; universal_baseline_regret=+22.2; random_baseline_regret=+43.2
55,2026-09-01 22:01:29,v1-meta-predictor-log_rf,2,top1_accuracy_init_method_adapted_recall_at_10,0.35,0.8,0,60,"universal_baseline=0.38, random_baseline=0.33, mean_confidence=0.59, winner=no"
56,2026-09-01 22:01:29,v1-meta-predictor-log_rf,2,mean_regret_steps_to_threshold,37.88333333333333,0.0,1,60,regret = steps(predicted_init) - steps(true_best_init); relative_regret=+23.81%; universal_baseline_regret=+22.2; random_baseline_regret=+43.2
57,2026-09-01 22:01:29,v1-meta-predictor-knn,2,top1_accuracy_init_method_adapted_recall_at_10,0.35,0.8,0,60,"universal_baseline=0.38, random_baseline=0.33, mean_confidence=0.54, winner=no"
58,2026-09-01 22:01:29,v1-meta-predictor-knn,2,mean_regret_steps_to_threshold,43.233333333333334,0.0,1,60,regret = steps(predicted_init) - steps(true_best_init); relative_regret=+30.56%; universal_baseline_regret=+22.2; random_baseline_regret=+43.2
59,2026-09-01 22:01:29,v1-meta-predictor-zc_gradnormvar,2,top1_accuracy_init_method_adapted_recall_at_10,0.38333333333333336,0.8,0,60,"universal_baseline=0.38, random_baseline=0.33, mean_confidence=nan, winner=no"
60,2026-09-01 22:01:29,v1-meta-predictor-zc_gradnormvar,2,mean_regret_steps_to_threshold,41.083333333333336,0.0,1,60,regret = steps(predicted_init) - steps(true_best_init); relative_regret=+22.65%; universal_baseline_regret=+22.2; random_baseline_regret=+43.2
61,2026-09-01 22:01:29,v1-meta-predictor-zc_jacobcov,2,top1_accuracy_init_method_adapted_recall_at_10,0.4666666666666667,0.8,0,60,"universal_baseline=0.38, random_baseline=0.33, mean_confidence=nan, winner=yes"
62,2026-09-01 22:01:29,v1-meta-predictor-zc_jacobcov,2,mean_regret_steps_to_threshold,14.566666666666666,0.0,1,60,regret = steps(predicted_init) - steps(true_best_init); relative_regret=+18.31%; universal_baseline_regret=+22.2; random_baseline_regret=+43.2
63,2026-09-01 22:02:53,v1-meta-predictor-full_rf,2,top1_accuracy_init_method_adapted_recall_at_10,0.3333333333333333,0.8,0,60,"universal_baseline=0.38, random_baseline=0.33, mean_confidence=0.59, winner=no"
64,2026-09-01 22:02:53,v1-meta-predictor-full_rf,2,mean_regret_steps_to_threshold,40.03333333333333,0.0,1,60,regret = steps(predicted_init) - steps(true_best_init); relative_regret=+22.39%; universal_baseline_regret=+22.2; random_baseline_regret=+43.2
65,2026-09-01 22:02:53,v1-meta-predictor-reduced_rf,2,top1_accuracy_init_method_adapted_recall_at_10,0.4666666666666667,0.8,0,60,"universal_baseline=0.38, random_baseline=0.33, mean_confidence=0.32, winner=no"
66,2026-09-01 22:02:53,v1-meta-predictor-reduced_rf,2,mean_regret_steps_to_threshold,18.233333333333334,0.0,1,60,regret = steps(predicted_init) - steps(true_best_init); relative_regret=+25.12%; universal_baseline_regret=+22.2; random_baseline_regret=+43.2
67,2026-09-01 22:02:53,v1-meta-predictor-log_rf,2,top1_accuracy_init_method_adapted_recall_at_10,0.35,0.8,0,60,"universal_baseline=0.38, random_baseline=0.33, mean_confidence=0.59, winner=no"
68,2026-09-01 22:02:53,v1-meta-predictor-log_rf,2,mean_regret_steps_to_threshold,37.88333333333333,0.0,1,60,regret = steps(predicted_init) - steps(true_best_init); relative_regret=+23.81%; universal_baseline_regret=+22.2; random_baseline_regret=+43.2
69,2026-09-01 22:02:53,v1-meta-predictor-knn,2,top1_accuracy_init_method_adapted_recall_at_10,0.35,0.8,0,60,"universal_baseline=0.38, random_baseline=0.33, mean_confidence=0.54, winner=no"
70,2026-09-01 22:02:53,v1-meta-predictor-knn,2,mean_regret_steps_to_threshold,43.233333333333334,0.0,1,60,regret = steps(predicted_init) - steps(true_best_init); relative_regret=+30.56%; universal_baseline_regret=+22.2; random_baseline_regret=+43.2
71,2026-09-01 22:02:53,v1-meta-predictor-zc_gradnormvar,2,top1_accuracy_init_method_adapted_recall_at_10,0.38333333333333336,0.8,0,60,"universal_baseline=0.38, random_baseline=0.33, mean_confidence=nan, winner=no"
72,2026-09-01 22:02:53,v1-meta-predictor-zc_gradnormvar,2,mean_regret_steps_to_threshold,41.083333333333336,0.0,1,60,regret = steps(predicted_init) - steps(true_best_init); relative_regret=+22.65%; universal_baseline_regret=+22.2; random_baseline_regret=+43.2
73,2026-09-01 22:02:53,v1-meta-predictor-zc_jacobcov,2,top1_accuracy_init_method_adapted_recall_at_10,0.4666666666666667,0.8,0,60,"universal_baseline=0.38, random_baseline=0.33, mean_confidence=nan, winner=yes"
74,2026-09-01 22:02:53,v1-meta-predictor-zc_jacobcov,2,mean_regret_steps_to_threshold,14.566666666666666,0.0,1,60,regret = steps(predicted_init) - steps(true_best_init); relative_regret=+18.31%; universal_baseline_regret=+22.2; random_baseline_regret=+43.2
75,2026-09-01 22:06:23,v1-trainability-engine,1,spearman_rho_naive_combined_zero_cost_vs_steps,0.5602266711928365,0.7,0,36,"controlled experiment (§21): 12 tasks x 3 init methods, optimizer/LR/batch fixed"
76,2026-09-01 22:06:23,v1-trainability-engine,1,spearman_rho_rank_aggregated_zero_cost_vs_steps,0.5696626744901379,0.7,0,36,"AZ-NAS-style (arXiv:2403.19232) rank-sum aggregation vs naive z-score averaging, same controlled experiment (§21): 12 tasks x 3 init methods"
77,2026-09-01 22:06:23,v1-trainability-engine,1,spearman_rho_synflow_vs_steps,0.27029538398116937,0.7,0,36,"individual proxy, not the combined score used for the official gate verdict"
78,2026-09-01 22:06:23,v1-trainability-engine,1,spearman_rho_snip_vs_steps,0.46726329344031337,0.7,0,36,"individual proxy, not the combined score used for the official gate verdict"
79,2026-09-01 22:06:23,v1-trainability-engine,1,spearman_rho_grasp_vs_steps,-0.3798365157478436,0.7,0,36,"individual proxy, not the combined score used for the official gate verdict"
80,2026-09-01 22:06:23,v1-trainability-engine,1,spearman_rho_jacob_cov_vs_steps,0.5133690105951372,0.7,0,36,"individual proxy, not the combined score used for the official gate verdict"
81,2026-09-01 22:06:23,v1-trainability-engine,1,spearman_rho_effective_rank_vs_steps,0.4829029647714483,0.7,0,36,"individual proxy, not the combined score used for the official gate verdict"
82,2026-09-01 22:06:23,v1-trainability-engine,1,spearman_rho_hessian_trace_vs_steps,0.4113822602760543,0.7,0,36,"individual proxy, not the combined score used for the official gate verdict"
83,2026-09-01 22:06:23,v1-trainability-engine,1,spearman_rho_jacobian_condition_mean_vs_steps,0.43167182223075434,0.7,0,36,"individual proxy, not the combined score used for the official gate verdict"
84,2026-09-01 22:06:23,v1-trainability-engine,1,spearman_rho_gradient_norm_vs_steps,0.606708360069098,0.7,0,36,"individual proxy, not the combined score used for the official gate verdict"
85,2026-09-01 22:06:23,v1-trainability-engine,1,spearman_rho_gradient_norm_variance_vs_steps,0.6700573654073825,0.7,0,36,"individual proxy, not the combined score used for the official gate verdict"
86,2026-09-01 22:06:23,v1-trainability-engine,1,spearman_rho_activation_mean_vs_steps,0.3934848786865797,0.7,0,36,"individual proxy, not the combined score used for the official gate verdict"
87,2026-09-01 22:06:23,v1-trainability-engine,1,spearman_rho_activation_variance_vs_steps,0.3708234458826405,0.7,0,36,"individual proxy, not the combined score used for the official gate verdict"
88,2026-09-01 22:06:23,v1-trainability-engine,1,spearman_rho_gradient_alignment_vs_steps,0.2306058304082671,0.7,0,36,"individual proxy, not the combined score used for the official gate verdict"
89,2026-09-01 22:06:23,v1-trainability-engine,1,spearman_rho_zico_vs_steps,0.32807574309339166,0.7,0,36,"individual proxy, not the combined score used for the official gate verdict"
90,2026-09-01 22:10:28,v1-meta-predictor-full_rf,2,top1_accuracy_init_method_adapted_recall_at_10,0.4666666666666667,0.8,0,60,"universal_baseline=0.38, random_baseline=0.33, mean_confidence=0.59, winner=no"
91,2026-09-01 22:10:28,v1-meta-predictor-full_rf,2,mean_regret_steps_to_threshold,35.71666666666667,0.0,1,60,regret = steps(predicted_init) - steps(true_best_init); relative_regret=+19.67%; universal_baseline_regret=+22.2; random_baseline_regret=+43.2
92,2026-09-01 22:10:28,v1-meta-predictor-reduced_rf,2,top1_accuracy_init_method_adapted_recall_at_10,0.4666666666666667,0.8,0,60,"universal_baseline=0.38, random_baseline=0.33, mean_confidence=0.30, winner=no"
93,2026-09-01 22:10:28,v1-meta-predictor-reduced_rf,2,mean_regret_steps_to_threshold,31.733333333333334,0.0,1,60,regret = steps(predicted_init) - steps(true_best_init); relative_regret=+24.79%; universal_baseline_regret=+22.2; random_baseline_regret=+43.2
94,2026-09-01 22:10:28,v1-meta-predictor-log_rf,2,top1_accuracy_init_method_adapted_recall_at_10,0.4,0.8,0,60,"universal_baseline=0.38, random_baseline=0.33, mean_confidence=0.57, winner=no"
95,2026-09-01 22:10:28,v1-meta-predictor-log_rf,2,mean_regret_steps_to_threshold,41.516666666666666,0.0,1,60,regret = steps(predicted_init) - steps(true_best_init); relative_regret=+22.45%; universal_baseline_regret=+22.2; random_baseline_regret=+43.2
96,2026-09-01 22:10:28,v1-meta-predictor-gp_reduced,2,top1_accuracy_init_method_adapted_recall_at_10,0.4166666666666667,0.8,0,60,"universal_baseline=0.38, random_baseline=0.33, mean_confidence=0.22, winner=no"
97,2026-09-01 22:10:28,v1-meta-predictor-gp_reduced,2,mean_regret_steps_to_threshold,36.5,0.0,1,60,regret = steps(predicted_init) - steps(true_best_init); relative_regret=+23.93%; universal_baseline_regret=+22.2; random_baseline_regret=+43.2
98,2026-09-01 22:10:28,v1-meta-predictor-knn,2,top1_accuracy_init_method_adapted_recall_at_10,0.35,0.8,0,60,"universal_baseline=0.38, random_baseline=0.33, mean_confidence=0.54, winner=no"
99,2026-09-01 22:10:28,v1-meta-predictor-knn,2,mean_regret_steps_to_threshold,45.516666666666666,0.0,1,60,regret = steps(predicted_init) - steps(true_best_init); relative_regret=+30.03%; universal_baseline_regret=+22.2; random_baseline_regret=+43.2
100,2026-09-01 22:10:28,v1-meta-predictor-zc_gradnormvar,2,top1_accuracy_init_method_adapted_recall_at_10,0.38333333333333336,0.8,0,60,"universal_baseline=0.38, random_baseline=0.33, mean_confidence=nan, winner=no"
101,2026-09-01 22:10:28,v1-meta-predictor-zc_gradnormvar,2,mean_regret_steps_to_threshold,41.083333333333336,0.0,1,60,regret = steps(predicted_init) - steps(true_best_init); relative_regret=+22.65%; universal_baseline_regret=+22.2; random_baseline_regret=+43.2
102,2026-09-01 22:10:28,v1-meta-predictor-zc_jacobcov,2,top1_accuracy_init_method_adapted_recall_at_10,0.4666666666666667,0.8,0,60,"universal_baseline=0.38, random_baseline=0.33, mean_confidence=nan, winner=yes"
103,2026-09-01 22:10:28,v1-meta-predictor-zc_jacobcov,2,mean_regret_steps_to_threshold,14.566666666666666,0.0,1,60,regret = steps(predicted_init) - steps(true_best_init); relative_regret=+18.31%; universal_baseline_regret=+22.2; random_baseline_regret=+43.2
104,2026-09-01 22:12:08,v1-trainability-engine,1,spearman_rho_naive_combined_zero_cost_vs_steps,0.5602266711928365,0.7,0,36,"controlled experiment (§21): 12 tasks x 3 init methods, optimizer/LR/batch fixed"
105,2026-09-01 22:12:08,v1-trainability-engine,1,spearman_rho_rank_aggregated_zero_cost_vs_steps,0.5696626744901379,0.7,0,36,"AZ-NAS-style (arXiv:2403.19232) rank-sum aggregation vs naive z-score averaging, same controlled experiment (§21): 12 tasks x 3 init methods"
106,2026-09-01 22:12:08,v1-trainability-engine,1,spearman_rho_synflow_vs_steps,0.27029538398116937,0.7,0,36,"individual proxy, not the combined score used for the official gate verdict"
107,2026-09-01 22:12:08,v1-trainability-engine,1,spearman_rho_snip_vs_steps,0.46726329344031337,0.7,0,36,"individual proxy, not the combined score used for the official gate verdict"
108,2026-09-01 22:12:08,v1-trainability-engine,1,spearman_rho_grasp_vs_steps,-0.3798365157478436,0.7,0,36,"individual proxy, not the combined score used for the official gate verdict"
109,2026-09-01 22:12:08,v1-trainability-engine,1,spearman_rho_jacob_cov_vs_steps,0.5133690105951372,0.7,0,36,"individual proxy, not the combined score used for the official gate verdict"
110,2026-09-01 22:12:08,v1-trainability-engine,1,spearman_rho_effective_rank_vs_steps,0.4829029647714483,0.7,0,36,"individual proxy, not the combined score used for the official gate verdict"
111,2026-09-01 22:12:08,v1-trainability-engine,1,spearman_rho_hessian_trace_vs_steps,0.4113822602760543,0.7,0,36,"individual proxy, not the combined score used for the official gate verdict"
112,2026-09-01 22:12:08,v1-trainability-engine,1,spearman_rho_jacobian_condition_mean_vs_steps,0.43167182223075434,0.7,0,36,"individual proxy, not the combined score used for the official gate verdict"
113,2026-09-01 22:12:08,v1-trainability-engine,1,spearman_rho_gradient_norm_vs_steps,0.606708360069098,0.7,0,36,"individual proxy, not the combined score used for the official gate verdict"
114,2026-09-01 22:12:08,v1-trainability-engine,1,spearman_rho_gradient_norm_variance_vs_steps,0.6700573654073825,0.7,0,36,"individual proxy, not the combined score used for the official gate verdict"
115,2026-09-01 22:12:08,v1-trainability-engine,1,spearman_rho_activation_mean_vs_steps,0.3934848786865797,0.7,0,36,"individual proxy, not the combined score used for the official gate verdict"
116,2026-09-01 22:12:08,v1-trainability-engine,1,spearman_rho_activation_variance_vs_steps,0.3708234458826405,0.7,0,36,"individual proxy, not the combined score used for the official gate verdict"
117,2026-09-01 22:12:08,v1-trainability-engine,1,spearman_rho_gradient_alignment_vs_steps,0.2306058304082671,0.7,0,36,"individual proxy, not the combined score used for the official gate verdict"
118,2026-09-01 22:12:08,v1-trainability-engine,1,spearman_rho_zico_vs_steps,0.32807574309339166,0.7,0,36,"individual proxy, not the combined score used for the official gate verdict"
119,2026-09-01 22:14:01,v1-meta-predictor-full_rf,2,top1_accuracy_init_method_adapted_recall_at_10,0.38333333333333336,0.8,0,60,"universal_baseline=0.38, random_baseline=0.33, mean_confidence=0.59, winner=no"
120,2026-09-01 22:14:01,v1-meta-predictor-full_rf,2,mean_regret_steps_to_threshold,36.85,0.0,1,60,regret = steps(predicted_init) - steps(true_best_init); relative_regret=+21.39%; universal_baseline_regret=+22.2; random_baseline_regret=+43.2
121,2026-09-01 22:14:01,v1-meta-predictor-reduced_rf,2,top1_accuracy_init_method_adapted_recall_at_10,0.48333333333333334,0.8,0,60,"universal_baseline=0.38, random_baseline=0.33, mean_confidence=0.30, winner=yes"
122,2026-09-01 22:14:01,v1-meta-predictor-reduced_rf,2,mean_regret_steps_to_threshold,32.85,0.0,1,60,regret = steps(predicted_init) - steps(true_best_init); relative_regret=+26.63%; universal_baseline_regret=+22.2; random_baseline_regret=+43.2
123,2026-09-01 22:14:01,v1-meta-predictor-log_rf,2,top1_accuracy_init_method_adapted_recall_at_10,0.38333333333333336,0.8,0,60,"universal_baseline=0.38, random_baseline=0.33, mean_confidence=0.56, winner=no"
124,2026-09-01 22:14:01,v1-meta-predictor-log_rf,2,mean_regret_steps_to_threshold,35.233333333333334,0.0,1,60,regret = steps(predicted_init) - steps(true_best_init); relative_regret=+22.26%; universal_baseline_regret=+22.2; random_baseline_regret=+43.2
125,2026-09-01 22:14:01,v1-meta-predictor-gp_reduced,2,top1_accuracy_init_method_adapted_recall_at_10,0.4,0.8,0,60,"universal_baseline=0.38, random_baseline=0.33, mean_confidence=0.20, winner=no"
126,2026-09-01 22:14:01,v1-meta-predictor-gp_reduced,2,mean_regret_steps_to_threshold,44.21666666666667,0.0,1,60,regret = steps(predicted_init) - steps(true_best_init); relative_regret=+27.30%; universal_baseline_regret=+22.2; random_baseline_regret=+43.2
127,2026-09-01 22:14:01,v1-meta-predictor-knn,2,top1_accuracy_init_method_adapted_recall_at_10,0.38333333333333336,0.8,0,60,"universal_baseline=0.38, random_baseline=0.33, mean_confidence=0.54, winner=no"
128,2026-09-01 22:14:01,v1-meta-predictor-knn,2,mean_regret_steps_to_threshold,45.15,0.0,1,60,regret = steps(predicted_init) - steps(true_best_init); relative_regret=+29.83%; universal_baseline_regret=+22.2; random_baseline_regret=+43.2
129,2026-09-01 22:14:01,v1-meta-predictor-zc_gradnormvar,2,top1_accuracy_init_method_adapted_recall_at_10,0.38333333333333336,0.8,0,60,"universal_baseline=0.38, random_baseline=0.33, mean_confidence=nan, winner=no"
130,2026-09-01 22:14:01,v1-meta-predictor-zc_gradnormvar,2,mean_regret_steps_to_threshold,41.083333333333336,0.0,1,60,regret = steps(predicted_init) - steps(true_best_init); relative_regret=+22.65%; universal_baseline_regret=+22.2; random_baseline_regret=+43.2
131,2026-09-01 22:14:01,v1-meta-predictor-zc_jacobcov,2,top1_accuracy_init_method_adapted_recall_at_10,0.4666666666666667,0.8,0,60,"universal_baseline=0.38, random_baseline=0.33, mean_confidence=nan, winner=no"
132,2026-09-01 22:14:01,v1-meta-predictor-zc_jacobcov,2,mean_regret_steps_to_threshold,14.566666666666666,0.0,1,60,regret = steps(predicted_init) - steps(true_best_init); relative_regret=+18.31%; universal_baseline_regret=+22.2; random_baseline_regret=+43.2
133,2026-09-01 22:16:27,v1-meta-predictor-full_rf,2,top1_accuracy_init_method_adapted_recall_at_10,0.38333333333333336,0.8,0,60,"universal_baseline=0.38, random_baseline=0.33, mean_confidence=0.59, winner=no"
134,2026-09-01 22:16:27,v1-meta-predictor-full_rf,2,mean_regret_steps_to_threshold,36.85,0.0,1,60,regret = steps(predicted_init) - steps(true_best_init); relative_regret=+21.39%; universal_baseline_regret=+22.2; random_baseline_regret=+43.2
135,2026-09-01 22:16:27,v1-meta-predictor-reduced_rf,2,top1_accuracy_init_method_adapted_recall_at_10,0.48333333333333334,0.8,0,60,"universal_baseline=0.38, random_baseline=0.33, mean_confidence=0.30, winner=no"
136,2026-09-01 22:16:27,v1-meta-predictor-reduced_rf,2,mean_regret_steps_to_threshold,32.85,0.0,1,60,regret = steps(predicted_init) - steps(true_best_init); relative_regret=+26.63%; universal_baseline_regret=+22.2; random_baseline_regret=+43.2
137,2026-09-01 22:16:27,v1-meta-predictor-log_rf,2,top1_accuracy_init_method_adapted_recall_at_10,0.38333333333333336,0.8,0,60,"universal_baseline=0.38, random_baseline=0.33, mean_confidence=0.56, winner=no"
138,2026-09-01 22:16:27,v1-meta-predictor-log_rf,2,mean_regret_steps_to_threshold,35.233333333333334,0.0,1,60,regret = steps(predicted_init) - steps(true_best_init); relative_regret=+22.26%; universal_baseline_regret=+22.2; random_baseline_regret=+43.2
139,2026-09-01 22:16:27,v1-meta-predictor-gp_reduced,2,top1_accuracy_init_method_adapted_recall_at_10,0.4,0.8,0,60,"universal_baseline=0.38, random_baseline=0.33, mean_confidence=0.20, winner=no"
140,2026-09-01 22:16:27,v1-meta-predictor-gp_reduced,2,mean_regret_steps_to_threshold,44.21666666666667,0.0,1,60,regret = steps(predicted_init) - steps(true_best_init); relative_regret=+27.30%; universal_baseline_regret=+22.2; random_baseline_regret=+43.2
141,2026-09-01 22:16:27,v1-meta-predictor-knn,2,top1_accuracy_init_method_adapted_recall_at_10,0.38333333333333336,0.8,0,60,"universal_baseline=0.38, random_baseline=0.33, mean_confidence=0.54, winner=no"
142,2026-09-01 22:16:27,v1-meta-predictor-knn,2,mean_regret_steps_to_threshold,45.15,0.0,1,60,regret = steps(predicted_init) - steps(true_best_init); relative_regret=+29.83%; universal_baseline_regret=+22.2; random_baseline_regret=+43.2
143,2026-09-01 22:16:27,v1-meta-predictor-zc_gradnormvar,2,top1_accuracy_init_method_adapted_recall_at_10,0.38333333333333336,0.8,0,60,"universal_baseline=0.38, random_baseline=0.33, mean_confidence=nan, winner=no"
144,2026-09-01 22:16:27,v1-meta-predictor-zc_gradnormvar,2,mean_regret_steps_to_threshold,41.083333333333336,0.0,1,60,regret = steps(predicted_init) - steps(true_best_init); relative_regret=+22.65%; universal_baseline_regret=+22.2; random_baseline_regret=+43.2
145,2026-09-01 22:16:27,v1-meta-predictor-zc_jacobcov,2,top1_accuracy_init_method_adapted_recall_at_10,0.4666666666666667,0.8,0,60,"universal_baseline=0.38, random_baseline=0.33, mean_confidence=nan, winner=yes"
146,2026-09-01 22:16:27,v1-meta-predictor-zc_jacobcov,2,mean_regret_steps_to_threshold,14.566666666666666,0.0,1,60,regret = steps(predicted_init) - steps(true_best_init); relative_regret=+18.31%; universal_baseline_regret=+22.2; random_baseline_regret=+43.2
147,2026-09-01 22:22:00,v1-ood-generalization-reduced_rf,0,ood_family_holdout_accuracy,0.36538461538461536,0.4666666666666667,0,312,"mean_regret=+33.1 vs ID mean_regret=+32.9, 3-fold family holdout (docs.md §22), regret_collapse=False"
148,2026-09-01 22:22:00,v1-ood-generalization-zc_jacobcov,0,ood_family_holdout_accuracy,0.4519230769230769,0.4666666666666667,0,312,"mean_regret=+19.6 vs ID mean_regret=+14.6, 3-fold family holdout (docs.md §22), regret_collapse=False"
149,2026-09-01 22:25:08,v1-ood-generalization-reduced_rf,0,ood_family_holdout_accuracy,0.36538461538461536,0.4666666666666667,0,312,"mean_regret=+33.1 (worst_fold_regret=+73.6) vs ID mean_regret=+32.9, 3-fold family holdout (docs.md §22), regret_collapse_on_worst_fold=True"
150,2026-09-01 22:25:08,v1-ood-generalization-zc_jacobcov,0,ood_family_holdout_accuracy,0.4519230769230769,0.4666666666666667,0,312,"mean_regret=+19.6 (worst_fold_regret=+31.7) vs ID mean_regret=+14.6, 3-fold family holdout (docs.md §22), regret_collapse_on_worst_fold=True"
151,2026-09-01 22:31:24,v1-lr-prediction,1,spearman_rho_best_single_feature_gradient_norm_vs_log_best_lr,-0.7255661796085424,0.7,1,12,"p=0.007564, LR grid=[0.001, 0.003, 0.01, 0.02, 0.05, 0.1, 0.2], init=orthogonal fixed, cross-task regression design (not the invalid within-task PURE-mode ranking gate1_ranking.py's docstring flags for optimizer)"
152,2026-09-01 22:33:58,v1-lr-prediction,1,spearman_rho_best_single_feature_task.target_variance_vs_log_best_lr,-0.4166851704679894,0.7,0,40,"p=0.007481, LR grid=[0.001, 0.003, 0.01, 0.02, 0.05, 0.1, 0.2], init=orthogonal fixed, cross-task regression design (not the invalid within-task PURE-mode ranking gate1_ranking.py's docstring flags for optimizer)"
153,2026-09-01 22:36:07,v1-lr-prediction,1,spearman_rho_best_single_feature_task.target_variance_vs_log_best_lr,-0.4166851704679894,0.7,0,40,"p=0.007481, LR grid=[0.001, 0.003, 0.01, 0.02, 0.05, 0.1, 0.2], init=orthogonal fixed, cross-task regression design (not the invalid within-task PURE-mode ranking gate1_ranking.py's docstring flags for optimizer)"
154,2026-09-02 07:09:16,v1-learned-combination,1,spearman_rho_ridge_loto_cv_combined_vs_steps,0.504216879887646,0.7,0,36,"Leave-One-Task-Out CV Ridge regression on 11 zero-cost proxies, p=0.00172, in_sample_rho=+0.845 (overfitting reference only), beats_best_single_proxy=False"
155,2026-09-02 07:10:47,v1-trainability-engine-at-scale,1,spearman_rho_gradient_norm_vs_steps_full_scale,0.5398950415558994,0.7,0,936,"full meta-dataset re-check (312 tasks) of gate1_ranking.py's original n=36 (12-task) result; no new training runs, same controlled design (§21)"
156,2026-09-02 07:13:54,v1-meta-predictor-full_rf,2,top1_accuracy_init_method_adapted_recall_at_10,0.38333333333333336,0.8,0,60,"universal_baseline=0.38, random_baseline=0.33, mean_confidence=0.59, winner=no"
157,2026-09-02 07:13:54,v1-meta-predictor-full_rf,2,mean_regret_steps_to_threshold,36.85,0.0,1,60,regret = steps(predicted_init) - steps(true_best_init); relative_regret=+21.39%; universal_baseline_regret=+22.2; random_baseline_regret=+43.2
158,2026-09-02 07:13:54,v1-meta-predictor-reduced_rf,2,top1_accuracy_init_method_adapted_recall_at_10,0.48333333333333334,0.8,0,60,"universal_baseline=0.38, random_baseline=0.33, mean_confidence=0.30, winner=no"
159,2026-09-02 07:13:54,v1-meta-predictor-reduced_rf,2,mean_regret_steps_to_threshold,32.85,0.0,1,60,regret = steps(predicted_init) - steps(true_best_init); relative_regret=+26.63%; universal_baseline_regret=+22.2; random_baseline_regret=+43.2
160,2026-09-02 07:13:54,v1-meta-predictor-log_rf,2,top1_accuracy_init_method_adapted_recall_at_10,0.38333333333333336,0.8,0,60,"universal_baseline=0.38, random_baseline=0.33, mean_confidence=0.56, winner=no"
161,2026-09-02 07:13:54,v1-meta-predictor-log_rf,2,mean_regret_steps_to_threshold,35.233333333333334,0.0,1,60,regret = steps(predicted_init) - steps(true_best_init); relative_regret=+22.26%; universal_baseline_regret=+22.2; random_baseline_regret=+43.2
162,2026-09-02 07:13:54,v1-meta-predictor-gp_reduced,2,top1_accuracy_init_method_adapted_recall_at_10,0.4,0.8,0,60,"universal_baseline=0.38, random_baseline=0.33, mean_confidence=0.20, winner=no"
163,2026-09-02 07:13:54,v1-meta-predictor-gp_reduced,2,mean_regret_steps_to_threshold,44.21666666666667,0.0,1,60,regret = steps(predicted_init) - steps(true_best_init); relative_regret=+27.30%; universal_baseline_regret=+22.2; random_baseline_regret=+43.2
164,2026-09-02 07:13:54,v1-meta-predictor-knn,2,top1_accuracy_init_method_adapted_recall_at_10,0.38333333333333336,0.8,0,60,"universal_baseline=0.38, random_baseline=0.33, mean_confidence=0.54, winner=no"
165,2026-09-02 07:13:54,v1-meta-predictor-knn,2,mean_regret_steps_to_threshold,45.15,0.0,1,60,regret = steps(predicted_init) - steps(true_best_init); relative_regret=+29.83%; universal_baseline_regret=+22.2; random_baseline_regret=+43.2
166,2026-09-02 07:13:54,v1-meta-predictor-zc_gradnormvar,2,top1_accuracy_init_method_adapted_recall_at_10,0.38333333333333336,0.8,0,60,"universal_baseline=0.38, random_baseline=0.33, mean_confidence=nan, winner=no"
167,2026-09-02 07:13:54,v1-meta-predictor-zc_gradnormvar,2,mean_regret_steps_to_threshold,41.083333333333336,0.0,1,60,regret = steps(predicted_init) - steps(true_best_init); relative_regret=+22.65%; universal_baseline_regret=+22.2; random_baseline_regret=+43.2
168,2026-09-02 07:13:54,v1-meta-predictor-zc_jacobcov,2,top1_accuracy_init_method_adapted_recall_at_10,0.4666666666666667,0.8,0,60,"universal_baseline=0.38, random_baseline=0.33, mean_confidence=nan, winner=yes"
169,2026-09-02 07:13:54,v1-meta-predictor-zc_jacobcov,2,mean_regret_steps_to_threshold,14.566666666666666,0.0,1,60,regret = steps(predicted_init) - steps(true_best_init); relative_regret=+18.31%; universal_baseline_regret=+22.2; random_baseline_regret=+43.2
170,2026-09-02 07:13:54,v1-meta-predictor-zc_gradnorm,2,top1_accuracy_init_method_adapted_recall_at_10,0.4,0.8,0,60,"universal_baseline=0.38, random_baseline=0.33, mean_confidence=nan, winner=no"
171,2026-09-02 07:13:54,v1-meta-predictor-zc_gradnorm,2,mean_regret_steps_to_threshold,43.666666666666664,0.0,1,60,regret = steps(predicted_init) - steps(true_best_init); relative_regret=+22.19%; universal_baseline_regret=+22.2; random_baseline_regret=+43.2
172,2026-09-02 07:36:39,v1-meta-predictor-full_rf,2,top1_accuracy_init_method_adapted_recall_at_10,0.38333333333333336,0.8,0,60,"universal_baseline=0.38, random_baseline=0.33, mean_confidence=0.59, winner=no"
173,2026-09-02 07:36:39,v1-meta-predictor-full_rf,2,mean_regret_steps_to_threshold,36.85,0.0,1,60,regret = steps(predicted_init) - steps(true_best_init); relative_regret=+21.39%; universal_baseline_regret=+22.2; random_baseline_regret=+43.2
174,2026-09-02 07:36:39,v1-meta-predictor-reduced_rf,2,top1_accuracy_init_method_adapted_recall_at_10,0.48333333333333334,0.8,0,60,"universal_baseline=0.38, random_baseline=0.33, mean_confidence=0.30, winner=no"
175,2026-09-02 07:36:39,v1-meta-predictor-reduced_rf,2,mean_regret_steps_to_threshold,32.85,0.0,1,60,regret = steps(predicted_init) - steps(true_best_init); relative_regret=+26.63%; universal_baseline_regret=+22.2; random_baseline_regret=+43.2
176,2026-09-02 07:36:39,v1-meta-predictor-log_rf,2,top1_accuracy_init_method_adapted_recall_at_10,0.38333333333333336,0.8,0,60,"universal_baseline=0.38, random_baseline=0.33, mean_confidence=0.56, winner=no"
177,2026-09-02 07:36:39,v1-meta-predictor-log_rf,2,mean_regret_steps_to_threshold,35.233333333333334,0.0,1,60,regret = steps(predicted_init) - steps(true_best_init); relative_regret=+22.26%; universal_baseline_regret=+22.2; random_baseline_regret=+43.2
178,2026-09-02 07:36:39,v1-meta-predictor-gp_reduced,2,top1_accuracy_init_method_adapted_recall_at_10,0.4,0.8,0,60,"universal_baseline=0.38, random_baseline=0.33, mean_confidence=0.20, winner=no"
179,2026-09-02 07:36:39,v1-meta-predictor-gp_reduced,2,mean_regret_steps_to_threshold,44.21666666666667,0.0,1,60,regret = steps(predicted_init) - steps(true_best_init); relative_regret=+27.30%; universal_baseline_regret=+22.2; random_baseline_regret=+43.2
180,2026-09-02 07:36:39,v1-meta-predictor-knn,2,top1_accuracy_init_method_adapted_recall_at_10,0.38333333333333336,0.8,0,60,"universal_baseline=0.38, random_baseline=0.33, mean_confidence=0.54, winner=no"
181,2026-09-02 07:36:39,v1-meta-predictor-knn,2,mean_regret_steps_to_threshold,45.15,0.0,1,60,regret = steps(predicted_init) - steps(true_best_init); relative_regret=+29.83%; universal_baseline_regret=+22.2; random_baseline_regret=+43.2
182,2026-09-02 07:36:39,v1-meta-predictor-zc_gradnormvar,2,top1_accuracy_init_method_adapted_recall_at_10,0.38333333333333336,0.8,0,60,"universal_baseline=0.38, random_baseline=0.33, mean_confidence=nan, winner=no"
183,2026-09-02 07:36:39,v1-meta-predictor-zc_gradnormvar,2,mean_regret_steps_to_threshold,41.083333333333336,0.0,1,60,regret = steps(predicted_init) - steps(true_best_init); relative_regret=+22.65%; universal_baseline_regret=+22.2; random_baseline_regret=+43.2
184,2026-09-02 07:36:39,v1-meta-predictor-zc_jacobcov,2,top1_accuracy_init_method_adapted_recall_at_10,0.4666666666666667,0.8,0,60,"universal_baseline=0.38, random_baseline=0.33, mean_confidence=nan, winner=yes"
185,2026-09-02 07:36:39,v1-meta-predictor-zc_jacobcov,2,mean_regret_steps_to_threshold,14.566666666666666,0.0,1,60,regret = steps(predicted_init) - steps(true_best_init); relative_regret=+18.31%; universal_baseline_regret=+22.2; random_baseline_regret=+43.2
186,2026-09-02 07:36:39,v1-meta-predictor-zc_gradnorm,2,top1_accuracy_init_method_adapted_recall_at_10,0.4,0.8,0,60,"universal_baseline=0.38, random_baseline=0.33, mean_confidence=nan, winner=no"
187,2026-09-02 07:36:39,v1-meta-predictor-zc_gradnorm,2,mean_regret_steps_to_threshold,43.666666666666664,0.0,1,60,regret = steps(predicted_init) - steps(true_best_init); relative_regret=+22.19%; universal_baseline_regret=+22.2; random_baseline_regret=+43.2
188,2026-09-02 07:36:39,v1-meta-predictor-zc_jacobcov_avg,2,top1_accuracy_init_method_adapted_recall_at_10,0.4666666666666667,0.8,0,60,"universal_baseline=0.38, random_baseline=0.33, mean_confidence=nan, winner=no"
189,2026-09-02 07:36:39,v1-meta-predictor-zc_jacobcov_avg,2,mean_regret_steps_to_threshold,14.566666666666666,0.0,1,60,regret = steps(predicted_init) - steps(true_best_init); relative_regret=+18.31%; universal_baseline_regret=+22.2; random_baseline_regret=+43.2
190,2026-09-02 07:41:33,v1-meta-predictor-full_rf,2,top1_accuracy_init_method_adapted_recall_at_10,0.38333333333333336,0.8,0,60,"universal_baseline=0.38, random_baseline=0.33, mean_confidence=0.59, winner=no"
191,2026-09-02 07:41:33,v1-meta-predictor-full_rf,2,mean_regret_steps_to_threshold,36.85,0.0,1,60,regret = steps(predicted_init) - steps(true_best_init); relative_regret=+21.39%; universal_baseline_regret=+22.2; random_baseline_regret=+43.2
192,2026-09-02 07:41:33,v1-meta-predictor-reduced_rf,2,top1_accuracy_init_method_adapted_recall_at_10,0.48333333333333334,0.8,0,60,"universal_baseline=0.38, random_baseline=0.33, mean_confidence=0.30, winner=no"
193,2026-09-02 07:41:33,v1-meta-predictor-reduced_rf,2,mean_regret_steps_to_threshold,32.85,0.0,1,60,regret = steps(predicted_init) - steps(true_best_init); relative_regret=+26.63%; universal_baseline_regret=+22.2; random_baseline_regret=+43.2
194,2026-09-02 07:41:33,v1-meta-predictor-log_rf,2,top1_accuracy_init_method_adapted_recall_at_10,0.38333333333333336,0.8,0,60,"universal_baseline=0.38, random_baseline=0.33, mean_confidence=0.56, winner=no"
195,2026-09-02 07:41:33,v1-meta-predictor-log_rf,2,mean_regret_steps_to_threshold,35.233333333333334,0.0,1,60,regret = steps(predicted_init) - steps(true_best_init); relative_regret=+22.26%; universal_baseline_regret=+22.2; random_baseline_regret=+43.2
196,2026-09-02 07:41:33,v1-meta-predictor-gp_reduced,2,top1_accuracy_init_method_adapted_recall_at_10,0.4,0.8,0,60,"universal_baseline=0.38, random_baseline=0.33, mean_confidence=0.20, winner=no"
197,2026-09-02 07:41:33,v1-meta-predictor-gp_reduced,2,mean_regret_steps_to_threshold,44.21666666666667,0.0,1,60,regret = steps(predicted_init) - steps(true_best_init); relative_regret=+27.30%; universal_baseline_regret=+22.2; random_baseline_regret=+43.2
198,2026-09-02 07:41:33,v1-meta-predictor-knn,2,top1_accuracy_init_method_adapted_recall_at_10,0.38333333333333336,0.8,0,60,"universal_baseline=0.38, random_baseline=0.33, mean_confidence=0.54, winner=no"
199,2026-09-02 07:41:33,v1-meta-predictor-knn,2,mean_regret_steps_to_threshold,45.15,0.0,1,60,regret = steps(predicted_init) - steps(true_best_init); relative_regret=+29.83%; universal_baseline_regret=+22.2; random_baseline_regret=+43.2
200,2026-09-02 07:41:33,v1-meta-predictor-zc_gradnormvar,2,top1_accuracy_init_method_adapted_recall_at_10,0.38333333333333336,0.8,0,60,"universal_baseline=0.38, random_baseline=0.33, mean_confidence=nan, winner=no"
201,2026-09-02 07:41:33,v1-meta-predictor-zc_gradnormvar,2,mean_regret_steps_to_threshold,41.083333333333336,0.0,1,60,regret = steps(predicted_init) - steps(true_best_init); relative_regret=+22.65%; universal_baseline_regret=+22.2; random_baseline_regret=+43.2
202,2026-09-02 07:41:33,v1-meta-predictor-zc_jacobcov,2,top1_accuracy_init_method_adapted_recall_at_10,0.4666666666666667,0.8,0,60,"universal_baseline=0.38, random_baseline=0.33, mean_confidence=nan, winner=yes"
203,2026-09-02 07:41:33,v1-meta-predictor-zc_jacobcov,2,mean_regret_steps_to_threshold,14.566666666666666,0.0,1,60,regret = steps(predicted_init) - steps(true_best_init); relative_regret=+18.31%; universal_baseline_regret=+22.2; random_baseline_regret=+43.2
204,2026-09-02 07:41:33,v1-meta-predictor-zc_gradnorm,2,top1_accuracy_init_method_adapted_recall_at_10,0.4,0.8,0,60,"universal_baseline=0.38, random_baseline=0.33, mean_confidence=nan, winner=no"
205,2026-09-02 07:41:33,v1-meta-predictor-zc_gradnorm,2,mean_regret_steps_to_threshold,43.666666666666664,0.0,1,60,regret = steps(predicted_init) - steps(true_best_init); relative_regret=+22.19%; universal_baseline_regret=+22.2; random_baseline_regret=+43.2
206,2026-09-02 07:41:33,v1-meta-predictor-zc_jacobcov_avg,2,top1_accuracy_init_method_adapted_recall_at_10,0.4666666666666667,0.8,0,60,"universal_baseline=0.38, random_baseline=0.33, mean_confidence=nan, winner=no"
207,2026-09-02 07:41:33,v1-meta-predictor-zc_jacobcov_avg,2,mean_regret_steps_to_threshold,14.566666666666666,0.0,1,60,regret = steps(predicted_init) - steps(true_best_init); relative_regret=+18.31%; universal_baseline_regret=+22.2; random_baseline_regret=+43.2
208,2026-09-02 07:41:33,v1-meta-predictor-zc_jacobcov_tiebreak,2,top1_accuracy_init_method_adapted_recall_at_10,0.4666666666666667,0.8,0,60,"universal_baseline=0.38, random_baseline=0.33, mean_confidence=nan, winner=no"
209,2026-09-02 07:41:33,v1-meta-predictor-zc_jacobcov_tiebreak,2,mean_regret_steps_to_threshold,14.566666666666666,0.0,1,60,regret = steps(predicted_init) - steps(true_best_init); relative_regret=+18.31%; universal_baseline_regret=+22.2; random_baseline_regret=+43.2
210,2026-09-02 07:46:49,v1-meta-predictor-full_rf,2,top1_accuracy_init_method_adapted_recall_at_10,0.38333333333333336,0.8,0,60,"universal_baseline=0.38, random_baseline=0.33, mean_confidence=0.59, winner=no"
211,2026-09-02 07:46:49,v1-meta-predictor-full_rf,2,mean_regret_steps_to_threshold,36.85,0.0,1,60,regret = steps(predicted_init) - steps(true_best_init); relative_regret=+21.39%; universal_baseline_regret=+22.2; random_baseline_regret=+43.2
212,2026-09-02 07:46:49,v1-meta-predictor-reduced_rf,2,top1_accuracy_init_method_adapted_recall_at_10,0.48333333333333334,0.8,0,60,"universal_baseline=0.38, random_baseline=0.33, mean_confidence=0.30, winner=no"
213,2026-09-02 07:46:49,v1-meta-predictor-reduced_rf,2,mean_regret_steps_to_threshold,32.85,0.0,1,60,regret = steps(predicted_init) - steps(true_best_init); relative_regret=+26.63%; universal_baseline_regret=+22.2; random_baseline_regret=+43.2
214,2026-09-02 07:46:49,v1-meta-predictor-log_rf,2,top1_accuracy_init_method_adapted_recall_at_10,0.38333333333333336,0.8,0,60,"universal_baseline=0.38, random_baseline=0.33, mean_confidence=0.56, winner=no"
215,2026-09-02 07:46:49,v1-meta-predictor-log_rf,2,mean_regret_steps_to_threshold,35.233333333333334,0.0,1,60,regret = steps(predicted_init) - steps(true_best_init); relative_regret=+22.26%; universal_baseline_regret=+22.2; random_baseline_regret=+43.2
216,2026-09-02 07:46:49,v1-meta-predictor-gp_reduced,2,top1_accuracy_init_method_adapted_recall_at_10,0.4,0.8,0,60,"universal_baseline=0.38, random_baseline=0.33, mean_confidence=0.20, winner=no"
217,2026-09-02 07:46:49,v1-meta-predictor-gp_reduced,2,mean_regret_steps_to_threshold,44.21666666666667,0.0,1,60,regret = steps(predicted_init) - steps(true_best_init); relative_regret=+27.30%; universal_baseline_regret=+22.2; random_baseline_regret=+43.2
218,2026-09-02 07:46:49,v1-meta-predictor-knn,2,top1_accuracy_init_method_adapted_recall_at_10,0.38333333333333336,0.8,0,60,"universal_baseline=0.38, random_baseline=0.33, mean_confidence=0.54, winner=no"
219,2026-09-02 07:46:49,v1-meta-predictor-knn,2,mean_regret_steps_to_threshold,45.15,0.0,1,60,regret = steps(predicted_init) - steps(true_best_init); relative_regret=+29.83%; universal_baseline_regret=+22.2; random_baseline_regret=+43.2
220,2026-09-02 07:46:49,v1-meta-predictor-zc_gradnormvar,2,top1_accuracy_init_method_adapted_recall_at_10,0.38333333333333336,0.8,0,60,"universal_baseline=0.38, random_baseline=0.33, mean_confidence=nan, winner=no"
221,2026-09-02 07:46:49,v1-meta-predictor-zc_gradnormvar,2,mean_regret_steps_to_threshold,41.083333333333336,0.0,1,60,regret = steps(predicted_init) - steps(true_best_init); relative_regret=+22.65%; universal_baseline_regret=+22.2; random_baseline_regret=+43.2
222,2026-09-02 07:46:49,v1-meta-predictor-zc_jacobcov,2,top1_accuracy_init_method_adapted_recall_at_10,0.4666666666666667,0.8,0,60,"universal_baseline=0.38, random_baseline=0.33, mean_confidence=nan, winner=yes"
223,2026-09-02 07:46:49,v1-meta-predictor-zc_jacobcov,2,mean_regret_steps_to_threshold,14.566666666666666,0.0,1,60,regret = steps(predicted_init) - steps(true_best_init); relative_regret=+18.31%; universal_baseline_regret=+22.2; random_baseline_regret=+43.2
224,2026-09-02 07:46:49,v1-meta-predictor-zc_gradnorm,2,top1_accuracy_init_method_adapted_recall_at_10,0.4,0.8,0,60,"universal_baseline=0.38, random_baseline=0.33, mean_confidence=nan, winner=no"
225,2026-09-02 07:46:49,v1-meta-predictor-zc_gradnorm,2,mean_regret_steps_to_threshold,43.666666666666664,0.0,1,60,regret = steps(predicted_init) - steps(true_best_init); relative_regret=+22.19%; universal_baseline_regret=+22.2; random_baseline_regret=+43.2
226,2026-09-02 07:46:49,v1-meta-predictor-zc_jacobcov_avg,2,top1_accuracy_init_method_adapted_recall_at_10,0.4666666666666667,0.8,0,60,"universal_baseline=0.38, random_baseline=0.33, mean_confidence=nan, winner=no"
227,2026-09-02 07:46:49,v1-meta-predictor-zc_jacobcov_avg,2,mean_regret_steps_to_threshold,14.566666666666666,0.0,1,60,regret = steps(predicted_init) - steps(true_best_init); relative_regret=+18.31%; universal_baseline_regret=+22.2; random_baseline_regret=+43.2
228,2026-09-02 07:46:49,v1-meta-predictor-zc_jacobcov_tiebreak,2,top1_accuracy_init_method_adapted_recall_at_10,0.4666666666666667,0.8,0,60,"universal_baseline=0.38, random_baseline=0.33, mean_confidence=nan, winner=no"
229,2026-09-02 07:46:49,v1-meta-predictor-zc_jacobcov_tiebreak,2,mean_regret_steps_to_threshold,14.566666666666666,0.0,1,60,regret = steps(predicted_init) - steps(true_best_init); relative_regret=+18.31%; universal_baseline_regret=+22.2; random_baseline_regret=+43.2
230,2026-09-02 07:46:49,v1-meta-predictor-zc_jacobcov_normtiebreak,2,top1_accuracy_init_method_adapted_recall_at_10,0.3333333333333333,0.8,0,60,"universal_baseline=0.38, random_baseline=0.33, mean_confidence=nan, winner=no"
231,2026-09-02 07:46:49,v1-meta-predictor-zc_jacobcov_normtiebreak,2,mean_regret_steps_to_threshold,47.666666666666664,0.0,1,60,regret = steps(predicted_init) - steps(true_best_init); relative_regret=+33.72%; universal_baseline_regret=+22.2; random_baseline_regret=+43.2
232,2026-09-02 08:04:49,v1-scale-invariance-blindspot,0,fraction_proxies_blind_to_xavier_vs_he,0.2727272727272727,0.0,1,312,"blind_proxies=['jacob_cov', 'effective_rank', 'jacobian_condition_mean'], tie_threshold=5% mean relative difference"
233,2026-09-02 19:28:18,v1-trainability-engine-at-scale,1,spearman_rho_gradient_norm_vs_steps_full_scale,0.5398950415558994,0.7,0,936,"full meta-dataset re-check (312 tasks) of gate1_ranking.py's original n=36 (12-task) result; no new training runs, same controlled design (§21)"
234,2026-09-03 12:59:38,v1-probe-tiebreak,1,he_recall_probe_tiebreak,0.3,0.0,1,10,"raw_he_hits=0/10, tiebreak_he_hits=0/10, probe_he_hits=3/10, probe_steps=50, mean_probe_cost_steps=68.3, overhead_pct_of_mean_full_training=37.5"
